{
    "name": "cubebox",
    "color": [0.12156862745098039, 0.8588235294117647, 0.9568627450980393],
    "vertices": [
        [-1.0, -1.0, -1.0],
        [-1.0, 1.0, -1.0],
        [1.0, 1.0, -1.0],
        [1.0, -1.0, -1.0],
        [-1.0, -1.0, 1.0],
        [-1.0, 1.0, 1.0],
        [1.0, 1.0, 1.0],
        [1.0, -1.0, 1.0]
    ],
    "edges": [
        [0, 1],
        [1, 2],
        [2, 3],
        [3, 0],
        [0, 4],
        [1, 5],
        [2, 6],
        [3, 7],
        [4, 5],
        [5, 6],
        [6, 7],
        [7, 4]
    ],
    "faces": [
        [3, 1, 0],
        [3, 2, 1],
        [7, 2, 3],
        [6, 2, 7],
        [5, 6, 7],
        [7, 4, 5],
        [4, 1, 5],
        [4, 0, 1],
        [4, 3, 0],
        [4, 7, 3],
        [1, 2, 5],
        [2, 6, 5]
    ],
    "attributes": {
        "normal": [
            [0.0, 1.0, 0.0],
            [0.0, 1.0, 0.0],
            [0.0, 1.0, 0.0],
            [0.0, 1.0, 0.0],
            [0.0, 1.0, 0.0],
            [0.0, 1.0, 0.0],
            [0.0, 1.0, 0.0],
            [0.0, 1.0, 0.0]
        ]
    }
}
