{
    "name": "lim",
    "color": [0.0, 1.0, 0.0],
    "vertices": [
        [-0.364761, 0.319099],
        [-0.324457, 0.289599],
        [-0.254485, 0.274496],
        [-0.176893, 0.280156],
        [-0.127757, 0.297120],
        [-0.161581, 0.342382],
        [-0.237266, 0.362865],
        [-0.317502, 0.355245],
        [0.334567, 0.328920],
        [0.304034, 0.297635],
        [0.232790, 0.280141],
        [0.153275, 0.283907],
        [0.102003, 0.300977],
        [0.135648, 0.348579],
        [0.212992, 0.371265],
        [0.296021, 0.364832],
        [-0.459246, 0.356558],
        [-0.427523, 0.286892],
        [-0.371249, 0.270141],
        [-0.244472, 0.229005],
        [-0.183264, 0.234569],
        [-0.083959, 0.274527],
        [-0.050382, 0.349285],
        [-0.167120, 0.413776],
        [-0.279307, 0.424594],
        [-0.420119, 0.412590],
        [0.444006, 0.368677],
        [0.411694, 0.297873],
        [0.353234, 0.279058],
        [0.224756, 0.233650],
        [0.160561, 0.237361],
        [0.054653, 0.276232],
        [0.019437, 0.350406],
        [0.139688, 0.418721],
        [0.255740, 0.433370],
        [0.402814, 0.424156],
        [-0.015980, 0.323901],
        [-0.016202, 0.252987],
        [-0.016291, 0.181212],
        [-0.016363, 0.109356],
        [-0.120888, 0.142575],
        [-0.156385, 0.089357],
        [-0.123986, 0.054622],
        [-0.068098, 0.048200],
        [-0.012418, 0.041766],
        [0.044233, 0.050146],
        [0.101134, 0.056949],
        [0.133493, 0.092461],
        [0.095626, 0.145186],
        [-0.461579, 0.138090],
        [-0.410746, -0.005657],
        [0.419062, -0.004320],
        [0.465948, 0.144404],
        [-0.167122, 0.012237],
        [-0.011334, 0.005212],
        [0.133255, -0.001689],
        [-0.089228, 0.008724],
        [0.060960, 0.001762],
        [-0.177858, -0.064884],
        [-0.116496, -0.041669],
        [-0.050436, -0.026528],
        [-0.010250, -0.031342],
        [0.029696, -0.026705],
        [0.099034, -0.038950],
        [0.165376, -0.060327],
        [0.139959, -0.064022],
        [0.065138, -0.065856],
        [-0.009253, -0.071671],
        [-0.080836, -0.067912],
        [-0.152674, -0.068225],
        [-0.081459, -0.074047],
        [-0.009518, -0.078655],
        [0.065686, -0.071908],
        [0.118660, -0.100780],
        [0.061018, -0.131123],
        [-0.007824, -0.141711],
        [-0.075016, -0.133327],
        [-0.132298, -0.103496],
        [-0.354168, -0.094791],
        [-0.229516, -0.208760],
        [-0.128028, -0.269866],
        [-0.002124, -0.292623],
        [0.126551, -0.270508],
        [0.232410, -0.210971],
        [0.362033, -0.095950],
        [-0.357292, 0.456261],
        [-0.279214, 0.465224],
        [-0.201422, 0.458316],
        [-0.127738, 0.441440],
        [0.097559, 0.445738],
        [0.173360, 0.465435],
        [0.253786, 0.474846],
        [0.334904, 0.467571],
        [-0.021393, 0.528203],
        [0.481851, 0.443660],
        [0.399045, 0.573602],
        [0.331135, 0.617016],
        [0.249479, 0.645641],
        [0.167976, 0.678929],
        [0.091098, 0.701930],
        [-0.134199, 0.697633],
        [-0.206806, 0.671810],
        [-0.283521, 0.636019],
        [-0.361061, 0.605706],
        [-0.423888, 0.562036],
        [-0.486746, 0.435646],
        [-0.576344, 0.815110],
        [-0.433579, 0.946325],
        [-0.370752, 0.989995],
        [-0.293213, 1.020308],
        [-0.216498, 1.056098],
        [-0.143890, 1.081922],
        [0.081406, 1.086219],
        [0.158284, 1.063218],
        [0.239787, 1.029930],
        [0.321444, 1.001305],
        [0.389354, 0.957891],
        [0.552250, 0.825473],
        [-0.483904, 0.336536],
        [-0.483238, 0.286851],
        [-0.480301, 0.237042],
        [-0.472893, 0.187451],
        [-0.461579, 0.138090],
        [-0.447195, 0.089672],
        [-0.430542, 0.041545],
        [-0.410746, -0.005657],
        [-0.385863, -0.051562],
        [-0.354168, -0.094791],
        [-0.316609, -0.134952],
        [-0.274621, -0.172911],
        [-0.229516, -0.208760],
        [-0.181628, -0.242427],
        [-0.128028, -0.269866],
        [-0.066922, -0.286753],
        [-0.002124, -0.292623],
        [0.063937, -0.286953],
        [0.126551, -0.270508],
        [0.182280, -0.244010],
        [0.232410, -0.210971],
        [0.279322, -0.175398],
        [0.322879, -0.137088],
        [0.362033, -0.095950],
        [0.394635, -0.051492],
        [0.419062, -0.004320],
        [0.437998, 0.044531],
        [0.453374, 0.094345],
        [0.465948, 0.144404],
        [0.476121, 0.194690],
        [0.482250, 0.245401],
        [0.484963, 0.296241],
        [0.485273, 0.347174]
    ]
}
