{
    "name": "pyramid",
    "color": [1.0, 1.0, 0.0],
    "vertices": [
        [0.0, 75.0, 0.0],
        [-50.0, 0.0, 50.0],
        [50.0, 0.0, 50.0],
        [0.0, 75.0, 0.0],
        [50.0, 0.0, 50.0],
        [50.0, 0.0, -50.0]
    ],
    "edges": [
        [0, 1],
        [1, 2],
        [2, 0],
        [3, 4],
        [4, 5],
        [5, 3]
    ],
    "faces": [
        [0, 1, 2],
        [3, 4, 5]
    ],
    "attributes": {
        "normal": [
            [0.0, 0.5547001957893372, 0.8320503234863281],
            [0.0, 0.5547001957893372, 0.8320503234863281],
            [0.0, 0.5547001957893372, 0.8320503234863281],
            [0.8320503234863281, 0.5547001957893372, 0.0],
            [0.8320503234863281, 0.5547001957893372, 0.0],
            [0.8320503234863281, 0.5547001957893372, 0.0]
        ]
    }
}
